Username,Password,First Name,Last Name,Email Address
cray,addodsnjej,Chris,Ray,cray@example.com
ewalsh,mkybxipasq,Evan,Walsh,ewalsh@example.com
hwagner,jdpogav,Hayley,Wagner,hwagner@example.com
ssmith,hzxntzy9,Shelia,Smith,ssmith@example.com
jdavis,xmbtgmoif,Joel,Davis,jdavis@example.com
cfisher,z2dqwaog,Cody,Fisher,cfisher@example.com
ccontreras,ksurweq,Chelsea,Contreras,ccontreras@example.com
ntaylor,vfl2utbgp,Nicholas,Taylor,ntaylor@example.com
areed,atwopunxvhm,Allen,Reed,areed@example.com
cblake,yzaos2nqwj,Christopher,Blake,cblake@example.com
ksalinas,pehwcftfxi,Kirsten,Salinas,ksalinas@example.com
kmiller,okiwggayom,Kimberly,Miller,kmiller@example.com
jdavidson,y21wvyl,Jon,Davidson,jdavidson@example.com
jsalazar,swfppwcbahc,Jacob,Salazar,jsalazar@example.com
emartin,nlfnzoxfaw5,Ethan,Martin,emartin@example.com
jmartin,cmlrtpxlh,James,Martin,jmartin@example.com
mgarcia,jckxzqgor,Mary,Garcia,mgarcia@example.com
csaunders,kizivrl,Christina,Saunders,csaunders@example.com
epace,ydzpgdah,Erica,Pace,epace@example.com
tchoi,nadjbqqv0,Tamara,Choi,tchoi@example.com
kaguirre,woqsq9es,Kristen,Aguirre,kaguirre@example.com
ttodd,2eadnlw,Theodore,Todd,ttodd@example.com
pfox,yljglw4j,Patricia,Fox,pfox@example.com
kgibson,j1eprn5kqy,Kimberly,Gibson,kgibson@example.com
vhenry,mzvsgq7ytrr,Victoria,Henry,vhenry@example.com
wwheeler,ikqgrlwhzr,William,Wheeler,wwheeler@example.com
dfuller,49ilrkfsc0c,David,Fuller,dfuller@example.com
dlove,akkqqwkxzj,David,Love,dlove@example.com
jnunez,waoyqzou,Joshua,Nunez,jnunez@example.com
mmcclure,0iqihe6owj,Michael,Mcclure,mmcclure@example.com
kparsons,xa8fhfstfkz,Kimberly,Parsons,kparsons@example.com
jkelly,bfg9nm8,Jason,Kelly,jkelly@example.com
pperez,kzgmqlumqwe,Paul,Perez,pperez@example.com
pgarrett,v5bbvcymvcg,Peter,Garrett,pgarrett@example.com
rbishop,kcumztn,Renee,Bishop,rbishop@example.com
sjackson,sbbjkdj7,Scott,Jackson,sjackson@example.com
fmontoya,uem6kjc,Frederick,Montoya,fmontoya@example.com
cgray,pbjnehq9,Christina,Gray,cgray@example.com
mfletcher,gwkmbwrzrbb,Matthew,Fletcher,mfletcher@example.com
swolfe,blmxazxiw,Sean,Wolfe,swolfe@example.com
kli,v2vwcokpsym,Kevin,Li,kli@example.com
kmyers,j1beadod,Kenneth,Myers,kmyers@example.com
eperkins,0gdmc8pfpt,Edward,Perkins,eperkins@example.com
tbrown,dtaguxz,Timothy,Brown,tbrown@example.com
lrobinson,fspwbiavqbr,Larry,Robinson,lrobinson@example.com
aallen,rpegvzomyj,Amber,Allen,aallen@example.com
ptucker,onlljkb,Peter,Tucker,ptucker@example.com
jmay,audrb0gwvar,Jeffery,May,jmay@example.com
jmills,re8wgvp,Jonathan,Mills,jmills@example.com
msimmons,ckmkxujmltr,Michelle,Simmons,msimmons@example.com
dharper,cai29hb,Dana,Harper,dharper@example.com
jpowell,mfbpmoklby,Jennifer,Powell,jpowell@example.com
kporter,ytdllxyfi9,Kimberly,Porter,kporter@example.com
rmartinez,nueveds,Rachel,Martinez,rmartinez@example.com
kbowers,iekhaphb,Karen,Bowers,kbowers@example.com
kschroeder,rgwnjmwoui,Kimberly,Schroeder,kschroeder@example.com
jmartinez,owntrpg,Jennifer,Martinez,jmartinez@example.com
jwood,1aesiibnf,James,Wood,jwood@example.com
nlam,wnonya3xjw,Nicholas,Lam,nlam@example.com
wcrawford,shivyrbqjt,Walter,Crawford,wcrawford@example.com
aramsey,uwmh47ljqo,Amanda,Ramsey,aramsey@example.com
jadams,txhvfjlhg,Joanna,Adams,jadams@example.com
jsanchez,lakgrfwhw1,Justin,Sanchez,jsanchez@example.com
vclay,mjthcuaody,Veronica,Clay,vclay@example.com
kmurphy,rgp4dovei,Kelsey,Murphy,kmurphy@example.com
achoi,xfnaouege6,Amy,Choi,achoi@example.com
kchase,n8bprnvpemv,Kayla,Chase,kchase@example.com
jrussell,8odmhtcexrm,James,Russell,jrussell@example.com
dbrown,drxrekigf,Debra,Brown,dbrown@example.com
trobles,gnedlsywxy,Thomas,Robles,trobles@example.com
aestrada,oqob2aeb,Aaron,Estrada,aestrada@example.com
dgalvan,tfvpfif,Donald,Galvan,dgalvan@example.com
trivera,dc7aposydg,Troy,Rivera,trivera@example.com
ptaylor,v8itpemenr,Paul,Taylor,ptaylor@example.com
aduncan,vxngwirb,Anthony,Duncan,aduncan@example.com
rgreen,l7mkzqzrbe,Randy,Green,rgreen@example.com
mherrera,vdlvtbxn8h,Martin,Herrera,mherrera@example.com
jhudson,vvpvqx5o0,Justin,Hudson,jhudson@example.com
jgreen,0nfht9lpmiw,Joshua,Green,jgreen@example.com
cmedina,3zdzkiq,Cory,Medina,cmedina@example.com
dblackwell,dmvsoyadu,Devin,Blackwell,dblackwell@example.com
mmathis,mqmqowskdyd,Mark,Mathis,mmathis@example.com
dstewart,tbouhbyn5,David,Stewart,dstewart@example.com
ghansen,3mgpowfl,Gregory,Hansen,ghansen@example.com
ecox,zwmiotaw,Evan,Cox,ecox@example.com
cmccarty,ltxenbc,Cody,Mccarty,cmccarty@example.com
mmaddox,lyigyupyea,Michael,Maddox,mmaddox@example.com
acaldwell,efygghry,Alyssa,Caldwell,acaldwell@example.com
djones,mlqiq7mvf,Dwayne,Jones,djones@example.com
phernandez,ekhfwf3,Paul,Hernandez,phernandez@example.com
cgriffin,w2srad8hapq,Cynthia,Griffin,cgriffin@example.com
cbaker,qwtqbvx,Chris,Baker,cbaker@example.com
mrodriguez,oxaz2btxduc,Michael,Rodriguez,mrodriguez@example.com
egregory,zgtfmv95,Eddie,Gregory,egregory@example.com
mbrown,quya7a7fvx,Melissa,Brown,mbrown@example.com
rcortez,tjsckrrmmo,Ryan,Cortez,rcortez@example.com
cmyers,ntcbdkhdj,Christina,Myers,cmyers@example.com
eallen,flidcgpza1,Erin,Allen,eallen@example.com
nnelson,ffroikfp,Nicole,Nelson,nnelson@example.com
slloyd,iyihwiuzux,Stephanie,Lloyd,slloyd@example.com
